PRAGMA foreign_keys = ON;
.mode columns
.headers on

INSERT INTO Cliente (idCliente, nome, nif, telefone, email, dataNasc) Values(1, 'Ana Rita Oliveira', 123456789, 912345678, 'anarita@gmail.com', '2002-11-23');
INSERT INTO Cliente (idCliente, nome, nif, telefone, email, dataNasc) Values(2, 'Milena Gouveia', 123456799, 912345679, 'milena@gmail.com', '2002-01-24'); 
INSERT INTO Cliente (idCliente, nome, nif, telefone, email, dataNasc) Values(3, 'Sofia Moura', 123456999, 912345699, 'sofia@gmail.com', '2001-12-01');
INSERT INTO Cliente (idCliente, nome, nif, telefone, email, dataNasc) Values(4, 'Inês Maria Oliveira', 123459999, 912345999, 'ines@gmail.com', '2008-11-08');
INSERT INTO Cliente (idCliente, nome, nif, telefone, email, dataNasc) Values(5, 'Cristiano Ronaldo', 123499999, 912349999, 'muitorico@gmail.com', '1985-02-05');
INSERT INTO Cliente (idCliente, nome, nif, telefone, email, dataNasc) Values(6, 'Ariana Grande', 123999999, 6505130514, 'thankunext@gmail.com', '1993-06-23');
INSERT INTO Cliente (idCliente, nome, nif, telefone, email, dataNasc) Values(7, 'Cristina Ferreira', 129999999, 912349999, 'estacertaaaaa@gmail.com', '1977-09-09');
INSERT INTO Cliente (idCliente, nome, nif, telefone, email, dataNasc) Values(8, 'Antonio Guterres', 199999999, 912399999, 'antonioguterres@onu.org.com', '1949-04-30');
INSERT INTO Cliente (idCliente, nome, nif, telefone, email, dataNasc) Values(9, 'Marcelo, o Presidente', 219076239, 968932049, 'celordesousa@gov.pt', '1948-12-12');
INSERT INTO Cliente (idCliente, nome, nif, telefone, email, dataNasc) Values(10, 'Pedro Sampaio', 981947329,5578352070, 'pedrosampaiovai@gmail.com', '1997-12-21');
INSERT INTO Cliente (idCliente, nome, nif, telefone, email, dataNasc) Values(11, 'Pabllo Vittar', 348934009, 5590834203, 'vaipassamal@hotmail.com', '1993-11-01');
INSERT INTO Cliente (idCliente, nome, nif, telefone, email, dataNasc) Values(12, 'Cândido Esteves', 125327883, 935839832, 'candido@outlook.com', '1958-02-29');
INSERT INTO Cliente (idCliente, nome, nif, telefone, email, dataNasc) Values(13, 'Paulo da Costa', 764829401, 969573208, 'paulo@yahooh.com', '1973-04-25');
INSERT INTO Cliente (idCliente, nome, nif, telefone, email, dataNasc) Values(14, 'Joaquim Moreira', 892358493, 939083400, 'quimmoreira14@gmail.com', '1980-03-27');
INSERT INTO Cliente (idCliente, nome, nif, telefone, email, dataNasc) Values(15, 'Antónia Soares', 893259393, 917248829, 'toinha@gmail.com', '1998-06-14');

INSERT INTO Pais (idPais, nome) VALUES(1, 'Portugal');
INSERT INTO Pais (idPais, nome) VALUES(2, 'Estados Unidos');
INSERT INTO Pais (idPais, nome) VALUES(3, 'Australia');
INSERT INTO Pais (idPais, nome) VALUES(4, 'Colombia');
INSERT INTO Pais (idPais, nome) VALUES(5, 'Espanha');
INSERT INTO Pais (idPais, nome) VALUES(6, 'Argentina');
INSERT INTO Pais (idPais, nome) VALUES(7, 'Inglaterra');
INSERT INTO Pais (idPais, nome) VALUES(8, 'Franca');
INSERT INTO Pais (idPais, nome) VALUES(9, 'Italia');
INSERT INTO Pais (idPais, nome) VALUES(10, 'Brasil');
INSERT INTO Pais (idPais, nome) VALUES(11, 'Mauricias');
INSERT INTO Pais (idPais, nome) VALUES(12, 'Suica');

INSERT INTO Localidade (idLocalidade, nome, idPais) VALUES(1, 'Porto', 1);
INSERT INTO Localidade (idLocalidade, nome, idPais) VALUES(2, 'Lisboa', 1);
INSERT INTO Localidade (idLocalidade, nome, idPais) VALUES(3, 'St Petesburgo', 2);
INSERT INTO Localidade (idLocalidade, nome, idPais) VALUES(4, 'Sydney', 3);
INSERT INTO Localidade (idLocalidade, nome, idPais) VALUES(5, 'Barcelona', 5);
INSERT INTO Localidade (idLocalidade, nome, idPais) VALUES(6, 'Cordoba', 6);
INSERT INTO Localidade (idLocalidade, nome, idPais) VALUES(7, 'Londres', 7);
INSERT INTO Localidade (idLocalidade, nome, idPais) VALUES(8, 'Paris',8);
INSERT INTO Localidade (idLocalidade, nome, idPais) VALUES(9, 'Roma', 9);
INSERT INTO Localidade (idLocalidade, nome, idPais) VALUES(10, 'Rio de Janeiro', 10);
INSERT INTO Localidade (idLocalidade, nome, idPais) VALUES(11, 'Brasilia', 10);
INSERT INTO Localidade (idLocalidade, nome, idPais) VALUES(12, 'Port Louis', 11);
INSERT INTO Localidade (idLocalidade, nome, idPais) VALUES(13, 'Zurique', 12);
INSERT INTO Localidade (idLocalidade, nome, idPais) VALUES(14, 'Coimbra', 1);
INSERT INTO Localidade (idLocalidade, nome, idPais) VALUES(15, 'Los Angeles', 2);

INSERT Into Morada (idMorada, nome, rua, codigoPostal, idLocalidade) VALUES(1, 'trabalho', 'Rua Dr. Roberto Frias, 980, 2º andar', '4150-734', 1);
INSERT Into Morada (idMorada, nome, rua, codigoPostal, idLocalidade) VALUES(2, 'casa', '5th Avenue, 38', '10016-7103', 2);
INSERT Into Morada (idMorada, nome, rua, codigoPostal, idLocalidade) VALUES(3, 'casa', 'Rua do Vale, 79', '4820-512', 3);
INSERT Into Morada (idMorada, nome, rua, codigoPostal, idLocalidade) VALUES(4, 'casa', 'Rua das Flores, 123', '9824-498', 4);
INSERT Into Morada (idMorada, nome, rua, codigoPostal, idLocalidade) VALUES(5, 'casa dos pais', 'Rua das Estrelas, 398', '3587-429', 5);
INSERT Into Morada (idMorada, nome, rua, codigoPostal, idLocalidade) VALUES(6, 'casa', 'Station Road, 98353', '53295-0920', 6);
INSERT Into Morada (idMorada, nome, rua, codigoPostal, idLocalidade) VALUES(7, 'trabalho', 'Rua das Ruas, 86, 100º andar', '4782-384', 7);
INSERT Into Morada (idMorada, nome, rua, codigoPostal, idLocalidade) VALUES(8, 'casa', 'Praça 25 de Abril, 8', '5985-4325', 8);
INSERT Into Morada (idMorada, nome, rua, codigoPostal, idLocalidade) VALUES(19, 'casa', 'Rua do Céu, 67', '948-421', 9);
INSERT Into Morada (idMorada, nome, rua, codigoPostal, idLocalidade) VALUES(9, 'trabalho', 'Rua do Sky, 786, 5º andar', '93-321', 10);
INSERT Into Morada (idMorada, nome, rua, codigoPostal, idLocalidade) VALUES(10, 'casa', 'Rua da Areosa, 637', '4297-923', 11);
INSERT Into Morada (idMorada, nome, rua, codigoPostal, idLocalidade) VALUES(11, 'casa', 'Rua das Casas', '21-231', 12);
INSERT Into Morada (idMorada, nome, rua, codigoPostal, idLocalidade) VALUES(12, 'casa', 'Rua de Moscovo', '2190-123', 13);
INSERT Into Morada (idMorada, nome, rua, codigoPostal, idLocalidade) VALUES(13, 'casa', 'Avenida Brasil, 345, 3º andar', '4150-230', 14);
INSERT Into Morada (idMorada, nome, rua, codigoPostal, idLocalidade) VALUES(14, 'casa de praia', 'Rua da Praia, 422', '38434-098', 15);
INSERT Into Morada (idMorada, nome, rua, codigoPostal, idLocalidade) VALUES(15, 'casa de campo', 'Rua do Campo, 24', '535-032', 15);
INSERT Into Morada (idMorada, nome, rua, codigoPostal, idLocalidade) VALUES(16, 'casa', 'Rua do Campo Alegre, 27, 2º andar', '4150-831', 1);
INSERT Into Morada (idMorada, nome, rua, codigoPostal, idLocalidade) VALUES(17, 'trabalho', 'Rua do Trabalho, 42', '8333-423', 2);
INSERT Into Morada (idMorada, nome, rua, codigoPostal, idLocalidade) VALUES(18, 'casa universidade', 'Rua da Faculdade', '4324-022', 3);
                                                                      
INSERT INTO ClienteMorada (idCliente, idMorada) VALUES(1, 19);
INSERT INTO ClienteMorada (idCliente, idMorada) VALUES(2, 2);
INSERT INTO ClienteMorada (idCliente, idMorada) VALUES(3, 8);
INSERT INTO ClienteMorada (idCliente, idMorada) VALUES(4, 6);
INSERT INTO ClienteMorada (idCliente, idMorada) VALUES(5, 1);
INSERT INTO ClienteMorada (idCliente, idMorada) VALUES(6, 5);
INSERT INTO ClienteMorada (idCliente, idMorada) VALUES(7, 10);
INSERT INTO ClienteMorada (idCliente, idMorada) VALUES(8, 13);
INSERT INTO ClienteMorada (idCliente, idMorada) VALUES(9, 11);
INSERT INTO ClienteMorada (idCliente, idMorada) VALUES(10, 12);
INSERT INTO ClienteMorada (idCliente, idMorada) VALUES(11, 18);
INSERT INTO ClienteMorada (idCliente, idMorada) VALUES(12, 4);
INSERT INTO ClienteMorada (idCliente, idMorada) VALUES(13, 17);
INSERT INTO ClienteMorada (idCliente, idMorada) VALUES(14, 16);
INSERT INTO ClienteMorada (idCliente, idMorada) VALUES(15, 15);
INSERT INTO ClienteMorada (idCliente, idMorada) VALUES(2, 9);
INSERT INTO ClienteMorada (idCliente, idMorada) VALUES(5, 3);
INSERT INTO ClienteMorada (idCliente, idMorada) VALUES(12, 7);
INSERT INTO ClienteMorada (idCliente, idMorada) VALUES(8, 14);

INSERT INTO Carrinho(idCarrinho, dataCriacao, idCliente) VAlues(1, '2021-12-12', 6);
INSERT INTO Carrinho(idCarrinho, dataCriacao, idCliente) VAlues(2, '2020-05-24', 1);
INSERT INTO Carrinho(idCarrinho, dataCriacao, idCliente) VAlues(3, '2010-07-01', 8);
INSERT INTO Carrinho(idCarrinho, dataCriacao, idCliente) VAlues(4, '2011-08-01', 2);
INSERT INTO Carrinho(idCarrinho, dataCriacao, idCliente) VAlues(5, '2000-05-13', 10);
INSERT INTO Carrinho(idCarrinho, dataCriacao, idCliente) VAlues(6, '2004-11-05', 3);
INSERT INTO Carrinho(idCarrinho, dataCriacao, idCliente) VAlues(7, '2015-06-30', 7);
INSERT INTO Carrinho(idCarrinho, dataCriacao, idCliente) VAlues(8, '2010-07-02', 11);
INSERT INTO Carrinho(idCarrinho, dataCriacao, idCliente) VAlues(9, '2010-07-03', 15);
INSERT INTO Carrinho(idCarrinho, dataCriacao, idCliente) VAlues(10,'1999-07-01', 12);
INSERT INTO Carrinho(idCarrinho, dataCriacao, idCliente) VAlues(11,'2018-10-31', 14);
INSERT INTO Carrinho(idCarrinho, dataCriacao, idCliente) VAlues(12,'2017-12-11', 13);

INSERT INTO Encomenda(idEncomenda, dataPedido) VALUES(1, '2021-12-12');
INSERT INTO Encomenda(idEncomenda, dataPedido) VALUES(2, '2000-05-14');
INSERT INTO Encomenda(idEncomenda, dataPedido) VALUES(3, '2017-12-11');
INSERT INTO Encomenda(idEncomenda, dataPedido) VALUES(4, '2010-07-01');
INSERT INTO Encomenda(idEncomenda, dataPedido) VALUES(5, '2020-05-26');
INSERT INTO Encomenda(idEncomenda, dataPedido) VALUES(6, '1999-07-01');
INSERT INTO Encomenda(idEncomenda, dataPedido) VALUES(7, '2015-06-30');
INSERT INTO Encomenda(idEncomenda, dataPedido) VALUES(8, '2004-12-05');
INSERT INTO Encomenda(idEncomenda, dataPedido) VALUES(9, '2010-07-02');
INSERT INTO Encomenda(idEncomenda, dataPedido) VALUES(10, '2011-07-02');       

INSERT INTO Pagamento(idCliente, idEncomenda, numCartao, cvv, dataValidade) VALUES (1, 10, 1234567890123456, 123, '2022-06-24');
INSERT INTO Pagamento(idCliente, idEncomenda, numCartao, cvv, dataValidade) VALUES (2, 9, 2345678901234567, 234, '2022-08-12');
INSERT INTO Pagamento(idCliente, idEncomenda, numCartao, cvv, dataValidade) VALUES (3, 8, 3456789012345678, 345, '2023-01-02');
INSERT INTO Pagamento(idCliente, idEncomenda, numCartao, cvv, dataValidade) VALUES (4, 7, 4567890123456789, 567, '2023-03-19');
INSERT INTO Pagamento(idCliente, idEncomenda, numCartao, cvv, dataValidade) VALUES (5, 6, 5678901234567890, 678, '2022-03-15');
INSERT INTO Pagamento(idCliente, idEncomenda, numCartao, cvv, dataValidade) VALUES (6, 5, 6789012345678901, 789, '2022-04-29');
INSERT INTO Pagamento(idCliente, idEncomenda, numCartao, cvv, dataValidade) VALUES (7, 4, 7890123456789012, 890, '2022-11-09');
INSERT INTO Pagamento(idCliente, idEncomenda, numCartao, cvv, dataValidade) VALUES (8, 3, 8901234567890123, 901, '2022-12-30');
INSERT INTO Pagamento(idCliente, idEncomenda, numCartao, cvv, dataValidade) VALUES (9, 2, 9012345678901234, 012, '2023-06-05');
INSERT INTO Pagamento(idCliente, idEncomenda, numCartao, cvv, dataValidade) VALUES (10, 1, 0123456789012345, 527, '2023-01-01');

INSERT INTO Envio1 (pesoTotal, portes) VALUES(03.00, 04.50);
INSERT INTO Envio1 (pesoTotal, portes) VALUES(04.00, 05.50);
INSERT INTO Envio1 (pesoTotal, portes) VALUES(03.25, 04.50);
INSERT INTO Envio1 (pesoTotal, portes) VALUES(01.20, 03.50);
INSERT INTO Envio1 (pesoTotal, portes) VALUES(02.20, 04.50);
INSERT INTO Envio1 (pesoTotal, portes) VALUES(03.15, 04.50);
INSERT INTO Envio1 (pesoTotal, portes) VALUES(01.50, 03.50);
INSERT INTO Envio1 (pesoTotal, portes) VALUES(00.70, 02.50);
INSERT INTO Envio1 (pesoTotal, portes) VALUES(00.95, 02.50);
INSERT INTO Envio1 (pesoTotal, portes) VALUES(01.80, 03.50);

INSERT INTO Envio2(idEncomenda, idMorada, dataExpedicao, dataChegada, codigoRastreamento) VALUES(1, 19, '2021-12-12', '2021-12-15', 'J3HS67D2');
INSERT INTO Envio2(idEncomenda, idMorada, dataExpedicao, dataChegada, codigoRastreamento) VALUES(2, 2, '2000-05-14', '2000-05-15', '876HGGJC');
INSERT INTO Envio2(idEncomenda, idMorada, dataExpedicao, dataChegada, codigoRastreamento) VALUES(3, 8, '2017-12-12', '2017-12-12', 'GK56G6KM');
INSERT INTO Envio2(idEncomenda, idMorada, dataExpedicao, dataChegada, codigoRastreamento) VALUES(4, 6, '2010-07-02', '2010-07-10', 'DSCGH768');
INSERT INTO Envio2(idEncomenda, idMorada, dataExpedicao, dataChegada, codigoRastreamento) VALUES(5, 1, '2020-05-27', '2020-05-29', 'DJ67679B');
INSERT INTO Envio2(idEncomenda, idMorada, dataExpedicao, dataChegada, codigoRastreamento) VALUES(6, 5, '1999-07-01', '1999-07-01', 'JHJKHA23');
INSERT INTO Envio2(idEncomenda, idMorada, dataExpedicao, dataChegada, codigoRastreamento) VALUES(7, 10, '2015-06-30', '2015-07-1', 'VCOAPK87');
INSERT INTO Envio2(idEncomenda, idMorada, dataExpedicao, dataChegada, codigoRastreamento) VALUES(8, 13, '2004-12-05', '2004-12-05', 'UHIYE876');
INSERT INTO Envio2(idEncomenda, idMorada, dataExpedicao, dataChegada, codigoRastreamento) VALUES(9, 11, '2010-07-02', '2010-07-06', 'T877GFGH');
INSERT INTO Envio2(idEncomenda, idMorada, dataExpedicao, dataChegada, codigoRastreamento) VALUES(10, 12, '2011-07-03', '2011-07-07', '89HIUH69');

INSERT INTO Cor(idCor, nome) VALUES (1, 'Vermelho');
INSERT INTO Cor(idCor, nome) VALUES (2, 'Azul');
INSERT INTO Cor(idCor, nome) VALUES (3, 'Amarelo');
INSERT INTO Cor(idCor, nome) VALUES (4, 'Laranja');
INSERT INTO Cor(idCor, nome) VALUES (5, 'Salmão');
INSERT INTO Cor(idCor, nome) VALUES (6, 'Preto');
INSERT INTO Cor(idCor, nome) VALUES (7, 'Branco');
INSERT INTO Cor(idCor, nome) VALUES (8, 'Creme');
INSERT INTO Cor(idCor, nome) VALUES (9, 'Cinzento');
INSERT INTO Cor(idCor, nome) VALUES (10, 'Verde');
INSERT INTO Cor(idCor, nome) VALUES (11, 'Roxo');
INSERT INTO Cor(idCor, nome) VALUES (12, 'Vinho');
INSERT INTO Cor(idCor, nome) VALUES (13, 'Rosa');
INSERT INTO Cor(idCor, nome) VALUES (14, 'Castanho');
INSERT INTO Cor(idCor, nome) VALUES (15, 'Dourado');
INSERT INTO Cor(idCor, nome) VALUES (16, 'Prateado');

INSERT INTO Tamanho (idTamanho, descricao) VALUES (1,'32');
INSERT INTO Tamanho (idTamanho, descricao) VALUES (2,'34');
INSERT INTO Tamanho (idTamanho, descricao) VALUES (3,'36');
INSERT INTO Tamanho (idTamanho, descricao) VALUES (4,'38');
INSERT INTO Tamanho (idTamanho, descricao) VALUES (5,'40');
INSERT INTO Tamanho (idTamanho, descricao) VALUES (6,'42');
INSERT INTO Tamanho (idTamanho, descricao) VALUES (7,'44');
INSERT INTO Tamanho (idTamanho, descricao) VALUES (8,'XXS');
INSERT INTO Tamanho (idTamanho, descricao) VALUES (9,'XS');
INSERT INTO Tamanho (idTamanho, descricao) VALUES (10,'S');
INSERT INTO Tamanho (idTamanho, descricao) VALUES (11,'M');
INSERT INTO Tamanho (idTamanho, descricao) VALUES (12,'L');
INSERT INTO Tamanho (idTamanho, descricao) VALUES (13,'XL');
INSERT INTO Tamanho (idTamanho, descricao) VALUES (14,'XXL');

INSERT INTO Categoria (idCategoria,nome, superCategoria) VALUES (1, 'Faixa Etaria', 1);
INSERT INTO Categoria (idCategoria,nome, superCategoria) VALUES (2, 'Adultos' , 1);
INSERT INTO Categoria (idCategoria,nome, superCategoria) VALUES (3, 'Criancas', 1);
INSERT INTO Categoria (idCategoria,nome, superCategoria) VALUES (4, 'Mulher', 2);
INSERT INTO Categoria (idCategoria,nome, superCategoria) VALUES (5, 'Homem', 2);
INSERT INTO Categoria (idCategoria,nome, superCategoria) VALUES (6, 'Unissexo', 2);
INSERT INTO Categoria (idCategoria,nome, superCategoria) VALUES (7, 'Meninas', 3);
INSERT INTO Categoria (idCategoria,nome, superCategoria) VALUES (8, 'Meninos', 3);
INSERT INTO Categoria (idCategoria,nome, superCategoria) VALUES (9, 'Partes de Cima Mulher', 4);
INSERT INTO Categoria (idCategoria,nome, superCategoria) VALUES (10, 'Partes de Baixo Mulher', 4);
INSERT INTO Categoria (idCategoria,nome, superCategoria) VALUES (11, 'Partes de Cima Homem', 5);
INSERT INTO Categoria (idCategoria,nome, superCategoria) VALUES (12, 'Partes de Baixo Homem', 5);
INSERT INTO Categoria (idCategoria,nome, superCategoria) VALUES (13, 'Partes de Cima Unissexo', 6);
INSERT INTO Categoria (idCategoria,nome, superCategoria) VALUES (14, 'Partes de Baixo Unissexo', 6);
INSERT INTO Categoria (idCategoria,nome, superCategoria) VALUES (15, 'Partes de Cima Meninas', 7);
INSERT INTO Categoria (idCategoria,nome, superCategoria) VALUES (16, 'Partes de Baixo Meninas', 7);
INSERT INTO Categoria (idCategoria,nome, superCategoria) VALUES (17, 'Partes de Cima Meninos', 8);
INSERT INTO Categoria (idCategoria,nome, superCategoria) VALUES (18, 'Partes de Baixo Meninos', 8);

INSERT INTO Material (idMaterial, nome, cuidados) VALUES (1,'Algodao','Lavar na maquina com agua morna e pode passar a ferro com temperatura media-alta');
INSERT INTO Material (idMaterial, nome, cuidados) VALUES (2,'Ganga', 'Lavar do avesso e para passar, pode ser usada uma temperatura mais alta');
INSERT INTO Material (idMaterial, nome, cuidados) VALUES (3,'La', 'Pode ser lavado a mao ou na maquina de lavar. Caso seja necessario passar, utilize temperaturas baixas');
INSERT INTO Material (idMaterial, nome, cuidados) VALUES (4,'Veludo', NULL);
INSERT INTO Material (idMaterial, nome, cuidados) VALUES (5,'Seda', 'O mais ideal e a lavagem a mao');
INSERT INTO Material (idMaterial, nome, cuidados) VALUES (6,'Linho', ' Para lavar, nunca utilize a agua muito quente ou muito fria. Passar pelo avesso');
INSERT INTO Material (idMaterial, nome, cuidados) VALUES (7,'Pele', '');
INSERT INTO Material (idMaterial, nome, cuidados) VALUES (8,'Poliester', 'Pode ser lavado na maquina de lavar. Merece cuidado especial quando passado a ferro, pois pode derreter com temperaturas medias-altas');

INSERT INTO PecaGenerica (idPecaGenerica, descricao, referencia, preco, idMaterial, idCategoria) VALUES (1, 'Saia Comprida', 'SAIACOMP12', 35.00, 1, 10); 
INSERT INTO PecaGenerica (idPecaGenerica, descricao, referencia, preco, idMaterial, idCategoria) VALUES (2, 'Casaco de Ganga', 'CASACOGANG1234', 39.99, 2, 11); 
INSERT INTO PecaGenerica (idPecaGenerica, descricao, referencia, preco, idMaterial, idCategoria) VALUES (3, 'Calcoes de praia', 'CPRAIA1235', 23.00, 8, 17); 
INSERT INTO PecaGenerica (idPecaGenerica, descricao, referencia, preco, idMaterial, idCategoria) VALUES (4, 'Mom Jeans Slim', 'MOMJ1236', 32.50, 2, 10); 
INSERT INTO PecaGenerica (idPecaGenerica, descricao, referencia, preco, idMaterial, idCategoria) VALUES (5, 'Camisola de La', 'CAMISOLA_LA7', 29.99, 3, 9); 
INSERT INTO PecaGenerica (idPecaGenerica, descricao, referencia, preco, idMaterial, idCategoria) VALUES (6, 'T-shirt manga comprida', 'TSMG1288', 12.99, 8, 15 ); 
INSERT INTO PecaGenerica (idPecaGenerica, descricao, referencia, preco, idMaterial, idCategoria) VALUES (7, 'Sobretudo La', 'SBTL879', 59.99, 3, 11); 
INSERT INTO PecaGenerica (idPecaGenerica, descricao, referencia, preco, idMaterial, idCategoria) VALUES (8, 'Calcas Pijama', 'CC8461', 24.99, 4, 18 ); 
INSERT INTO PecaGenerica (idPecaGenerica, descricao, referencia, preco, idMaterial, idCategoria) VALUES (9, 'Tshirt', 'CAC8461', 24.99, 4, 18 ); 
INSERT INTO PecaGenerica (idPecaGenerica, descricao, referencia, preco, idMaterial, idCategoria) VALUES (10, 'Calcas Slim Fit', 'CSF451', 24.99, 8, 12 ); 
INSERT INTO PecaGenerica (idPecaGenerica, descricao, referencia, preco, idMaterial, idCategoria) VALUES (11, 'Leggins desportivas', 'GSG8725', 24.99, 8, 10 ); 
INSERT INTO PecaGenerica (idPecaGenerica, descricao, referencia, preco, idMaterial, idCategoria) VALUES (12, 'Jaqueta de Pele', 'JP453523', 21.99, 7, 13 ); 
INSERT INTO PecaGenerica (idPecaGenerica, descricao, referencia, preco, idMaterial, idCategoria) VALUES (13, 'Sweat Shirt', 'CC846321', 24.99, 4, 18 );
INSERT INTO PecaGenerica (idPecaGenerica, descricao, referencia, preco, idMaterial, idCategoria) VALUES (14, 'Camisola de Gola Alta', 'CCEDB42W46', 10.99, 1, 7 ); 
INSERT INTO PecaGenerica (idPecaGenerica, descricao, referencia, preco, idMaterial, idCategoria) VALUES (15, 'Calcoes de Linho', 'CETG21US6', 15.99, 6, 10 );


INSERT INTO PecaGenericaCor (idPecaGenerica, idCor) VALUES(1, 1);
INSERT INTO PecaGenericaCor (idPecaGenerica, idCor) VALUES(2, 2);
INSERT INTO PecaGenericaCor (idPecaGenerica, idCor) VALUES(3, 2);
INSERT INTO PecaGenericaCor (idPecaGenerica, idCor) VALUES(4, 2);
INSERT INTO PecaGenericaCor (idPecaGenerica, idCor) VALUES(14, 3);
INSERT INTO PecaGenericaCor (idPecaGenerica, idCor) VALUES(14, 14);
INSERT INTO PecaGenericaCor (idPecaGenerica, idCor) VALUES(13, 4);
INSERT INTO PecaGenericaCor (idPecaGenerica, idCor) VALUES(12, 13);
INSERT INTO PecaGenericaCor (idPecaGenerica, idCor) VALUES(11, 5);
INSERT INTO PecaGenericaCor (idPecaGenerica, idCor) VALUES(10, 10);
INSERT INTO PecaGenericaCor (idPecaGenerica, idCor) VALUES(10, 6);
INSERT INTO PecaGenericaCor (idPecaGenerica, idCor) VALUES(9, 11);
INSERT INTO PecaGenericaCor (idPecaGenerica, idCor) VALUES(4, 7);
INSERT INTO PecaGenericaCor (idPecaGenerica, idCor) VALUES(4, 10);
INSERT INTO PecaGenericaCor (idPecaGenerica, idCor) VALUES(5, 8);
INSERT INTO PecaGenericaCor (idPecaGenerica, idCor) VALUES(6, 9);
INSERT INTO PecaGenericaCor (idPecaGenerica, idCor) VALUES(8, 1);
INSERT INTO PecaGenericaCor (idPecaGenerica, idCor) VALUES(7, 2);
INSERT INTO PecaGenericaCor (idPecaGenerica, idCor) VALUES(5, 2);
INSERT INTO PecaGenericaCor (idPecaGenerica, idCor) VALUES(1, 6);
INSERT INTO PecaGenericaCor (idPecaGenerica, idCor) VALUES(15, 4);
INSERT INTO PecaGenericaCor (idPecaGenerica, idCor) VALUES(8, 11);
INSERT INTO PecaGenericaCor (idPecaGenerica, idCor) VALUES(12, 10);
INSERT INTO PecaGenericaCor (idPecaGenerica, idCor) VALUES(9, 1);
INSERT INTO PecaGenericaCor (idPecaGenerica, idCor) VALUES(13, 7);
INSERT INTO PecaGenericaCor (idPecaGenerica, idCor) VALUES(10, 8);
INSERT INTO PecaGenericaCor (idPecaGenerica, idCor) VALUES(2, 9);
INSERT INTO PecaGenericaCor (idPecaGenerica, idCor) VALUES(3, 7);
INSERT INTO PecaGenericaCor (idPecaGenerica, idCor) VALUES(4, 14);
INSERT INTO PecaGenericaCor (idPecaGenerica, idCor) VALUES(3, 3);

INSERT INTO PecaGenericaTamanho(idPecaGenerica, idTamanho) VALUES(1, 1);
INSERT INTO PecaGenericaTamanho(idPecaGenerica, idTamanho) VALUES(2, 12);
INSERT INTO PecaGenericaTamanho(idPecaGenerica, idTamanho) VALUES(3, 4);
INSERT INTO PecaGenericaTamanho(idPecaGenerica, idTamanho) VALUES(4, 3);
INSERT INTO PecaGenericaTamanho(idPecaGenerica, idTamanho) VALUES(15, 2);
INSERT INTO PecaGenericaTamanho(idPecaGenerica, idTamanho) VALUES(14, 13);
INSERT INTO PecaGenericaTamanho(idPecaGenerica, idTamanho) VALUES(13, 12);
INSERT INTO PecaGenericaTamanho(idPecaGenerica, idTamanho) VALUES(12, 11);
INSERT INTO PecaGenericaTamanho(idPecaGenerica, idTamanho) VALUES(11, 10);
INSERT INTO PecaGenericaTamanho(idPecaGenerica, idTamanho) VALUES(10, 9);
INSERT INTO PecaGenericaTamanho(idPecaGenerica, idTamanho) VALUES(10, 11);
INSERT INTO PecaGenericaTamanho(idPecaGenerica, idTamanho) VALUES(9, 5);
INSERT INTO PecaGenericaTamanho(idPecaGenerica, idTamanho) VALUES(4, 6);
INSERT INTO PecaGenericaTamanho(idPecaGenerica, idTamanho) VALUES(4, 7);
INSERT INTO PecaGenericaTamanho(idPecaGenerica, idTamanho) VALUES(5, 11);
INSERT INTO PecaGenericaTamanho(idPecaGenerica, idTamanho) VALUES(6, 12);
INSERT INTO PecaGenericaTamanho(idPecaGenerica, idTamanho) VALUES(8, 2);
INSERT INTO PecaGenericaTamanho(idPecaGenerica, idTamanho) VALUES(7, 13);
INSERT INTO PecaGenericaTamanho(idPecaGenerica, idTamanho) VALUES(5, 14);
INSERT INTO PecaGenericaTamanho(idPecaGenerica, idTamanho) VALUES(1, 3);
INSERT INTO PecaGenericaTamanho(idPecaGenerica, idTamanho) VALUES(15, 4);
INSERT INTO PecaGenericaTamanho(idPecaGenerica, idTamanho) VALUES(8, 6);
INSERT INTO PecaGenericaTamanho(idPecaGenerica, idTamanho) VALUES(12, 9);
INSERT INTO PecaGenericaTamanho(idPecaGenerica, idTamanho) VALUES(9, 7);
INSERT INTO PecaGenericaTamanho(idPecaGenerica, idTamanho) VALUES(13, 10);
INSERT INTO PecaGenericaTamanho(idPecaGenerica, idTamanho) VALUES(10, 8);
INSERT INTO PecaGenericaTamanho(idPecaGenerica, idTamanho) VALUES(2, 10);
INSERT INTO PecaGenericaTamanho(idPecaGenerica, idTamanho) VALUES(3, 3);
INSERT INTO PecaGenericaTamanho(idPecaGenerica, idTamanho) VALUES(4, 11);
INSERT INTO PecaGenericaTamanho(idPecaGenerica, idTamanho) VALUES(4, 5);

INSERT INTO PecaEspecifica(idPecaEspecifica, stock, idCor, idTamanho, idPecaGenerica) VALUES(1, 13, 1, 1, 1);
INSERT INTO PecaEspecifica(idPecaEspecifica, stock, idCor, idTamanho, idPecaGenerica) VALUES(2, 20, 2, 12, 2);
INSERT INTO PecaEspecifica(idPecaEspecifica, stock, idCor, idTamanho, idPecaGenerica) VALUES(3, 46, 2, 4, 3);
INSERT INTO PecaEspecifica(idPecaEspecifica, stock, idCor, idTamanho, idPecaGenerica) VALUES(4, 50, 2, 3, 4);
INSERT INTO PecaEspecifica(idPecaEspecifica, stock, idCor, idTamanho, idPecaGenerica) VALUES(5, 23, 3, 2, 15);
INSERT INTO PecaEspecifica(idPecaEspecifica, stock, idCor, idTamanho, idPecaGenerica) VALUES(6, 2, 14, 13, 14);
INSERT INTO PecaEspecifica(idPecaEspecifica, stock, idCor, idTamanho, idPecaGenerica) VALUES(7, 1, 4, 12, 13);
INSERT INTO PecaEspecifica(idPecaEspecifica, stock, idCor, idTamanho, idPecaGenerica) VALUES(8, 32, 13, 11, 12);
INSERT INTO PecaEspecifica(idPecaEspecifica, stock, idCor, idTamanho, idPecaGenerica) VALUES(9, 23, 5, 10, 11);
INSERT INTO PecaEspecifica(idPecaEspecifica, stock, idCor, idTamanho, idPecaGenerica) VALUES(10, 18, 10, 9, 10);
INSERT INTO PecaEspecifica(idPecaEspecifica, stock, idCor, idTamanho, idPecaGenerica) VALUES(11, 48, 6, 8, 10);
INSERT INTO PecaEspecifica(idPecaEspecifica, stock, idCor, idTamanho, idPecaGenerica) VALUES(12, 36, 11, 5, 9);
INSERT INTO PecaEspecifica(idPecaEspecifica, stock, idCor, idTamanho, idPecaGenerica) VALUES(13, 27, 7, 6, 4);
INSERT INTO PecaEspecifica(idPecaEspecifica, stock, idCor, idTamanho, idPecaGenerica) VALUES(14, 8, 10, 7, 4);
INSERT INTO PecaEspecifica(idPecaEspecifica, stock, idCor, idTamanho, idPecaGenerica) VALUES(15, 10, 8, 11, 5);
INSERT INTO PecaEspecifica(idPecaEspecifica, stock, idCor, idTamanho, idPecaGenerica) VALUES(16, 30, 9, 12, 6);
INSERT INTO PecaEspecifica(idPecaEspecifica, stock, idCor, idTamanho, idPecaGenerica) VALUES(17, 20, 1, 2, 8);
INSERT INTO PecaEspecifica(idPecaEspecifica, stock, idCor, idTamanho, idPecaGenerica) VALUES(18, 20, 2, 13, 7);
INSERT INTO PecaEspecifica(idPecaEspecifica, stock, idCor, idTamanho, idPecaGenerica) VALUES(19, 17, 2, 14, 5);
INSERT INTO PecaEspecifica(idPecaEspecifica, stock, idCor, idTamanho, idPecaGenerica) VALUES(20, 28, 6, 3, 1);
INSERT INTO PecaEspecifica(idPecaEspecifica, stock, idCor, idTamanho, idPecaGenerica) VALUES(21, 6, 4, 4, 15);
INSERT INTO PecaEspecifica(idPecaEspecifica, stock, idCor, idTamanho, idPecaGenerica) VALUES(22, 22, 11, 6, 8);
INSERT INTO PecaEspecifica(idPecaEspecifica, stock, idCor, idTamanho, idPecaGenerica) VALUES(23, 24, 10, 9, 12);
INSERT INTO PecaEspecifica(idPecaEspecifica, stock, idCor, idTamanho, idPecaGenerica) VALUES(24, 34, 1, 7, 9);
INSERT INTO PecaEspecifica(idPecaEspecifica, stock, idCor, idTamanho, idPecaGenerica) VALUES(25, 35, 7, 10, 13);
INSERT INTO PecaEspecifica(idPecaEspecifica, stock, idCor, idTamanho, idPecaGenerica) VALUES(26, 41, 8, 8, 10);
INSERT INTO PecaEspecifica(idPecaEspecifica, stock, idCor, idTamanho, idPecaGenerica) VALUES(27, 33, 9, 10, 2);
INSERT INTO PecaEspecifica(idPecaEspecifica, stock, idCor, idTamanho, idPecaGenerica) VALUES(28, 44, 7, 3, 3);
INSERT INTO PecaEspecifica(idPecaEspecifica, stock, idCor, idTamanho, idPecaGenerica) VALUES(29, 17, 14, 3, 4);
INSERT INTO PecaEspecifica(idPecaEspecifica, stock, idCor, idTamanho, idPecaGenerica) VALUES(30, 21, 3, 4, 3);

INSERT INTO Devolucao (idEncomenda,idPecaEspecifica,motivo) VALUES (1, 4, 'Nao serviu. Peca pequena');
INSERT INTO Devolucao (idEncomenda,idPecaEspecifica,motivo) VALUES (2, 3, 'Pedi a peca de cor vermelha e recebi uma azul');
INSERT INTO Devolucao (idEncomenda,idPecaEspecifica,motivo) VALUES (3, 8, 'Peca com defeito');
INSERT INTO Devolucao (idEncomenda,idPecaEspecifica,motivo) VALUES (4, 10, 'Nao serviu. Peca grande');
INSERT INTO Devolucao (idEncomenda,idPecaEspecifica,motivo) VALUES (5, 9, 'Pedi a peca de cor verde e recebi uma vermelha');

INSERT INTO Compra(idEncomenda, idPecaEspecifica, quantSelecionada) VALUES (1, 2, 1);
INSERT INTO Compra(idEncomenda, idPecaEspecifica, quantSelecionada) VALUES (1, 3, 1);
INSERT INTO Compra(idEncomenda, idPecaEspecifica, quantSelecionada) VALUES (1, 14, 1);
INSERT INTO Compra(idEncomenda, idPecaEspecifica, quantSelecionada) VALUES (2, 27, 1);
INSERT INTO Compra(idEncomenda, idPecaEspecifica, quantSelecionada) VALUES (2, 1, 1);
INSERT INTO Compra(idEncomenda, idPecaEspecifica, quantSelecionada) VALUES (2, 30, 1);
INSERT INTO Compra(idEncomenda, idPecaEspecifica, quantSelecionada) VALUES (2, 23, 2);
INSERT INTO Compra(idEncomenda, idPecaEspecifica, quantSelecionada) VALUES (2, 17, 2);
INSERT INTO Compra(idEncomenda, idPecaEspecifica, quantSelecionada) VALUES (3, 21, 1);
INSERT INTO Compra(idEncomenda, idPecaEspecifica, quantSelecionada) VALUES (3, 4, 3);
INSERT INTO Compra(idEncomenda, idPecaEspecifica, quantSelecionada) VALUES (4, 5, 1);
INSERT INTO Compra(idEncomenda, idPecaEspecifica, quantSelecionada) VALUES (4, 6, 1);
INSERT INTO Compra(idEncomenda, idPecaEspecifica, quantSelecionada) VALUES (4, 7, 1);
INSERT INTO Compra(idEncomenda, idPecaEspecifica, quantSelecionada) VALUES (4, 8, 1);
INSERT INTO Compra(idEncomenda, idPecaEspecifica, quantSelecionada) VALUES (4, 9, 1);
INSERT INTO Compra(idEncomenda, idPecaEspecifica, quantSelecionada) VALUES (4, 10, 1);
INSERT INTO Compra(idEncomenda, idPecaEspecifica, quantSelecionada) VALUES (4, 11, 1);
INSERT INTO Compra(idEncomenda, idPecaEspecifica, quantSelecionada) VALUES (4, 12, 1);
INSERT INTO Compra(idEncomenda, idPecaEspecifica, quantSelecionada) VALUES (4, 13, 1);
INSERT INTO Compra(idEncomenda, idPecaEspecifica, quantSelecionada) VALUES (5, 25, 2);
INSERT INTO Compra(idEncomenda, idPecaEspecifica, quantSelecionada) VALUES (6, 15, 1);
INSERT INTO Compra(idEncomenda, idPecaEspecifica, quantSelecionada) VALUES (6, 16, 1);
INSERT INTO Compra(idEncomenda, idPecaEspecifica, quantSelecionada) VALUES (6, 26, 1);
INSERT INTO Compra(idEncomenda, idPecaEspecifica, quantSelecionada) VALUES (7, 18, 4);
INSERT INTO Compra(idEncomenda, idPecaEspecifica, quantSelecionada) VALUES (8, 19, 1);
INSERT INTO Compra(idEncomenda, idPecaEspecifica, quantSelecionada) VALUES (8, 20, 2);
INSERT INTO Compra(idEncomenda, idPecaEspecifica, quantSelecionada) VALUES (9, 29, 1);
INSERT INTO Compra(idEncomenda, idPecaEspecifica, quantSelecionada) VALUES (9, 28, 2);
INSERT INTO Compra(idEncomenda, idPecaEspecifica, quantSelecionada) VALUES (9, 27, 1);
INSERT INTO Compra(idEncomenda, idPecaEspecifica, quantSelecionada) VALUES (9, 26, 1);
INSERT INTO Compra(idEncomenda, idPecaEspecifica, quantSelecionada) VALUES (10, 22, 1);
INSERT INTO Compra(idEncomenda, idPecaEspecifica, quantSelecionada) VALUES (10, 23, 1);
INSERT INTO Compra(idEncomenda, idPecaEspecifica, quantSelecionada) VALUES (10, 24, 3);

INSERT INTO Selecao(idCarrinho, idPecaEspecifica, quantSelecionada) VALUES (1, 1, 2);
INSERT INTO Selecao(idCarrinho, idPecaEspecifica, quantSelecionada) VALUES (1, 2, 1);
INSERT INTO Selecao(idCarrinho, idPecaEspecifica, quantSelecionada) VALUES (1, 3, 1);
INSERT INTO Selecao(idCarrinho, idPecaEspecifica, quantSelecionada) VALUES (2, 4, 1);
INSERT INTO Selecao(idCarrinho, idPecaEspecifica, quantSelecionada) VALUES (2, 5, 3);
INSERT INTO Selecao(idCarrinho, idPecaEspecifica, quantSelecionada) VALUES (3, 8, 4);
INSERT INTO Selecao(idCarrinho, idPecaEspecifica, quantSelecionada) VALUES (4, 9, 1);
INSERT INTO Selecao(idCarrinho, idPecaEspecifica, quantSelecionada) VALUES (4, 10, 2);
INSERT INTO Selecao(idCarrinho, idPecaEspecifica, quantSelecionada) VALUES (5, 11, 2);
INSERT INTO Selecao(idCarrinho, idPecaEspecifica, quantSelecionada) VALUES (5, 12, 1);
INSERT INTO Selecao(idCarrinho, idPecaEspecifica, quantSelecionada) VALUES (6, 13, 2);
INSERT INTO Selecao(idCarrinho, idPecaEspecifica, quantSelecionada) VALUES (7, 15, 1);
INSERT INTO Selecao(idCarrinho, idPecaEspecifica, quantSelecionada) VALUES (8, 16, 1);
INSERT INTO Selecao(idCarrinho, idPecaEspecifica, quantSelecionada) VALUES (8, 17, 1);
INSERT INTO Selecao(idCarrinho, idPecaEspecifica, quantSelecionada) VALUES (9, 18, 2);
INSERT INTO Selecao(idCarrinho, idPecaEspecifica, quantSelecionada) VALUES (10, 19, 3);
INSERT INTO Selecao(idCarrinho, idPecaEspecifica, quantSelecionada) VALUES (11, 20, 1);
INSERT INTO Selecao(idCarrinho, idPecaEspecifica, quantSelecionada) VALUES (11, 26, 1);
INSERT INTO Selecao(idCarrinho, idPecaEspecifica, quantSelecionada) VALUES (11, 30, 2);
INSERT INTO Selecao(idCarrinho, idPecaEspecifica, quantSelecionada) VALUES (12, 26, 1);

INSERT INTo Foto (idFoto, ficheiro, idPecaEspecifica) VALUES (1, 'https://i.pinimg.com/originals/99/27/64/9927647c8609876c3d0c747214e08249.jpg', 1);
INSERT INTO Foto (idFoto, ficheiro, idPecaEspecifica) VALUES (2, 'https://photos6.spartoo.pt/photos/188/18846993/18846993_350_A.jpg', 2);
INSERT INTO Foto (idFoto, ficheiro, idPecaEspecifica) VALUES (3, 'https://cdn.aboutstatic.com/file/e9a550e720031b6b8e9a2ca0abe905d9?brightness=0.96&quality=75&trim=1&height=534&width=400', 3);
INSERT INTO Foto (idFoto, ficheiro, idPecaEspecifica) VALUES (4, 'https://lp2.hm.com/hmgoepprod?set=quality%5B79%5D%2Csource%5B%2Fa1%2Fa9%2Fa1a90d67ad65d697c775ed9d0b1828981a09edf4.jpg%5D%2Corigin%5Bdam%5D%2Ccategory%5Bladies_jeans_loose%5D%2Ctype%5BLOOKBOOK%5D%2Cres%5Bm%5D%2Chmver%5B1%5D&call=url[file:/product/main]', 4);
INSERT INTO Foto (idFoto, ficheiro, idPecaEspecifica) VALUES (5, 'https://st.mngbcn.com/rcs/pics/static/T1/fotos/S20/17062021_11_B.jpg?ts=1622105185631&imwidth=412&imdensity=2', 5);
INSERT INTO Foto (idFoto, ficheiro, idPecaEspecifica) VALUES (6, 'https://lp2.hm.com/hmgoepprod?set=quality%5B79%5D%2Csource%5B%2F0b%2F8a%2F0b8a2569490a171fc92cf5692d518756c4916477.jpg%5D%2Corigin%5Bdam%5D%2Ccategory%5Bladies_knitwear_turtlenecks%5D%2Ctype%5BDESCRIPTIVESTILLLIFE%5D%2Cres%5Bm%5D%2Chmver%5B1%5D&call=url[file:/product/main]', 6);
INSERT INTO Foto (idFoto, ficheiro, idPecaEspecifica) VALUES (7, 'https://static.gorfactory.es/pics2021/hd/SU1087_31_2_1.jpg', 7);
INSERT INTO Foto (idFoto, ficheiro, idPecaEspecifica) VALUES (8, 'https://ireland.apollo.olxcdn.com/v1/files/p1uy6u8vwpj02-PT/image;s=644x461', 8);
INSERT INTO Foto (idFoto, ficheiro, idPecaEspecifica) VALUES (9, 'https://encrypted-tbn0.gstatic.com/images?q=tbn:ANd9GcQAHzSKM-cVSP6_cYveUw5QWeYAdYVm2lzk-A&usqp=CAU', 9);
INSERT INTO Foto (idFoto, ficheiro, idPecaEspecifica) VALUES (10, 'https://encrypted-tbn0.gstatic.com/images?q=tbn:ANd9GcSTSpcP-VqOrrtbGVLudJf-3wFf-t7Ox-3WpA&usqp=CAU', 10);
INSERT INTO Foto (idFoto, ficheiro, idPecaEspecifica) VALUES (11, 'https://www.jutina.pt/wp-content/uploads/2018/09/cal%C3%A7a-double-up-2.png', 11);
INSERT INTO Foto (idFoto, ficheiro, idPecaEspecifica) VALUES (12, 'https://atacadodecamisetas.com.br/388-large_default/camiseta-roxa-sublimacao-poliester.jpg', 12);
INSERT INTO Foto (idFoto, ficheiro, idPecaEspecifica) VALUES (13, 'https://cdn.aboutstatic.com/file/images/162023a38e3f980ae49f528ed4ef994f.png?bg=F4F4F5&quality=75&trim=1&height=534&width=400', 13);
INSERT INTO Foto (idFoto, ficheiro, idPecaEspecifica) VALUES (14, 'https://www.dressinn.com/f/13837/138372275/jjxx-jeans-cintura-alta-lisbon-mom-akm.jpg', 14);
INSERT INTO Foto (idFoto, ficheiro, idPecaEspecifica) VALUES (15, 'https://cdn.laredoute.com/products/b/9/2/b9248ead60610fce1d0100210475b611.jpg?imgopt=twic&twic=v1/resize=680', 15);
INSERT INTO Foto (idFoto, ficheiro, idPecaEspecifica) VALUES (16, 'https://lp2.hm.com/hmgoepprod?set=quality%5B79%5D%2Csource%5B%2Fb5%2F2c%2Fb52c7301efdf738810cf84fd175a80bb41d39849.jpg%5D%2Corigin%5Bdam%5D%2Ccategory%5Bladies_tops_longsleeve%5D%2Ctype%5BDESCRIPTIVESTILLLIFE%5D%2Cres%5Bm%5D%2Chmver%5B1%5D&call=url[file:/product/main]', 16);
INSERT INTO Foto (idFoto, ficheiro, idPecaEspecifica) VALUES (17, 'https://static.e-stradivarius.net/5/photos3/2021/I/0/1/p/4247/014/004/4247014004_1_1_2.jpg?t=1636642224708', 17);
INSERT INTO Foto (idFoto, ficheiro, idPecaEspecifica) VALUES (18, 'https://cdn.aboutstatic.com/file/images/d7d8945751e28d3337e6697f8a39f0b7.jpg?brightness=0.96&quality=75&trim=1&height=534&width=400', 18);
INSERT INTO Foto (idFoto, ficheiro, idPecaEspecifica) VALUES (19, 'https://cdn.aboutstatic.com/file/images/3e8ba247e655f99a59a6a38a73efabc7.jpg?quality=75&height=534&width=400', 19);
INSERT INTO Foto (idFoto, ficheiro, idPecaEspecifica) VALUES (20, 'https://s1.kuantokusta.pt/img_upload/produtos_modacessorios/2654342_3_la-redoute-saia-comprida-plissada-para-gravida-preto-44.jpg', 20);
INSERT INTO Foto (idFoto, ficheiro, idPecaEspecifica) VALUES (21, 'https://www.dressinn.com/f/13807/138074884/superdry-linen-cali-beach.jpg', 21);
INSERT INTO Foto (idFoto, ficheiro, idPecaEspecifica) VALUES (22, 'https://i.pinimg.com/736x/6c/79/b4/6c79b4ef6bc3eb8563449ea64907fac8.jpg', 22);
INSERT INTO Foto (idFoto, ficheiro, idPecaEspecifica) VALUES (23, 'https://i.pinimg.com/originals/cd/b4/4b/cdb44b3ebb3f5f7c12b9c8c568d6b78b.jpg', 23);
INSERT INTO Foto (idFoto, ficheiro, idPecaEspecifica) VALUES (24, 'https://hrgroup.pt/image/cache/catalog/Imagens/%7B541BF886-D728-11E6-8203-E4115B2F31B3%7D-500x500.jpg', 24);
INSERT INTO Foto (idFoto, ficheiro, idPecaEspecifica) VALUES (25, 'https://www.signa.pt/upload/produtos/g_27.03.2013_14.53.52_0.jpg', 25);
INSERT INTO Foto (idFoto, ficheiro, idPecaEspecifica) VALUES (26, 'https://cdn.aboutstatic.com/file/images/c2c15923b8828e8e12eb7f9f4dce14a6.jpg?quality=75&height=534&width=400', 26);
INSERT INTO Foto (idFoto, ficheiro, idPecaEspecifica) VALUES (27, 'https://cdn.fashiola.pt/L52628015/ltb-homem-casacos-casaco-meia-estacao-santino.jpg', 27);
INSERT INTO Foto (idFoto, ficheiro, idPecaEspecifica) VALUES (28, 'https://contents.mediadecathlon.com/p1730190/k$eb8fd3573b4027140537c8f7d8b563fa/sq/calcoes-de-tenis-homem-dry-tsh-500-branco.jpg?format=auto&f=720x720', 28);
INSERT INTO Foto (idFoto, ficheiro, idPecaEspecifica) VALUES (29, 'https://cdn.aboutstatic.com/file/images/a05e74578678101582a143e4f0c19ad1.jpg?quality=75&height=534&width=400', 29);
INSERT INTO Foto (idFoto, ficheiro, idPecaEspecifica) VALUES (30, 'https://www.worten.pt/i/321129f695dcadc0c75ccc7bc8f8811caaa268c0.jpg', 30);
